{"count":1,"gauges":{"Behavior1.CumulativeReward":{"count":54,"max":783.630249,"min":9.217002,"value":145.612289,"weightedAverage":224.3366}},"self":98.5095296,"total":101.0516261,"children":{"AgentSendState":{"count":5004,"self":0.14416479999999998,"total":0.2473293,"children":{"CollectObservations":{"count":13761,"self":0.10316449999999999,"total":0.10316449999999999,"children":null}}},"DecideAction":{"count":5004,"self":1.6884051999999998,"total":2.2084497,"children":{"RayPerceptionSensor.Perceive":{"count":7506,"self":0.5200444,"total":0.5200444,"children":null}}},"AgentAct":{"count":5004,"self":0.0853211,"total":0.0853211,"children":null}}}