{"count":1,"gauges":{"Behavior1.CumulativeReward":{"count":557,"max":43.19318,"min":-0.125908628,"value":3.04941726,"weightedAverage":7.1388526}},"self":140.5017088,"total":199.15433769999999,"children":{"AgentSendState":{"count":10407,"self":2.4117572,"total":16.532856499999998,"children":{"CollectObservations":{"count":91070,"self":0.99254769999999992,"total":0.99254769999999992,"children":null},"AgentInfo.ToProto":{"count":91070,"self":1.482044,"total":13.128551499999999,"children":{"GenerateSensorData":{"count":91070,"self":5.5968016,"total":11.6465075,"children":{"RayPerceptionSensor.Perceive":{"count":91070,"self":6.049706,"total":6.0497061,"children":null}}}}}}},"DecideAction":{"count":10407,"self":41.6005152,"total":41.6005167,"children":null},"AgentAct":{"count":10407,"self":0.4163365,"total":0.4703272,"children":{"AgentInfo.ToProto":{"count":247,"self":0.0049532,"total":0.053990699999999996,"children":{"GenerateSensorData":{"count":247,"self":0.0289589,"total":0.0490375,"children":{"RayPerceptionSensor.Perceive":{"count":247,"self":0.0200786,"total":0.0200786,"children":null}}}}}}},"AgentInfo.ToProto":{"count":310,"self":0.0110046,"total":0.0469481,"children":{"GenerateSensorData":{"count":310,"self":0.0169565,"total":0.035943499999999996,"children":{"RayPerceptionSensor.Perceive":{"count":310,"self":0.018987,"total":0.018987,"children":null}}}}}}}