{"count":1,"gauges":{"Behavior1.CumulativeReward":{"count":13,"max":503.056427,"min":170.964249,"value":326.216217,"weightedAverage":297.300781}},"self":67.8693184,"total":69.724400899999992,"children":{"AgentSendState":{"count":3429,"self":0.11468959999999999,"total":0.1684417,"children":{"CollectObservations":{"count":5148,"self":0.0537521,"total":0.0537521,"children":null}}},"DecideAction":{"count":3429,"self":1.3271195,"total":1.6476496999999999,"children":{"RayPerceptionSensor.Perceive":{"count":5148,"self":0.3205302,"total":0.3205302,"children":null}}},"AgentAct":{"count":3429,"self":0.0379926,"total":0.0379926,"children":null}}}