{"count":1,"gauges":{"Behavior1.CumulativeReward":{"count":9,"max":367.012482,"min":150.742722,"value":248.322723,"weightedAverage":259.3389}},"self":57.2816,"total":58.4236219,"children":{"AgentSendState":{"count":2887,"self":0.0399278,"total":0.0667465,"children":{"CollectObservations":{"count":4332,"self":0.026818699999999997,"total":0.026818699999999997,"children":null}}},"DecideAction":{"count":2887,"self":0.82471739999999993,"total":1.0503391,"children":{"RayPerceptionSensor.Perceive":{"count":4332,"self":0.22562169999999998,"total":0.22562169999999998,"children":null}}},"AgentAct":{"count":2887,"self":0.023940299999999998,"total":0.023940299999999998,"children":null}}}